-- phpMyAdmin SQL Dump
-- version 4.7.4
-- https://www.phpmyadmin.net/
--
-- Máy chủ: 127.0.0.1
-- Thời gian đã tạo: Th10 14, 2017 lúc 10:07 AM
-- Phiên bản máy phục vụ: 10.1.28-MariaDB
-- Phiên bản PHP: 7.1.11

SET SQL_MODE = "NO_AUTO_VALUE_ON_ZERO";
SET AUTOCOMMIT = 0;
START TRANSACTION;
SET time_zone = "+00:00";


/*!40101 SET @OLD_CHARACTER_SET_CLIENT=@@CHARACTER_SET_CLIENT */;
/*!40101 SET @OLD_CHARACTER_SET_RESULTS=@@CHARACTER_SET_RESULTS */;
/*!40101 SET @OLD_COLLATION_CONNECTION=@@COLLATION_CONNECTION */;
/*!40101 SET NAMES utf8mb4 */;

--
-- Cơ sở dữ liệu: `web`
--

-- --------------------------------------------------------

--
-- Cấu trúc bảng cho bảng `admin`
--

CREATE TABLE `admin` (
  `id` int(11) NOT NULL,
  `username` varchar(32) CHARACTER SET utf8 COLLATE utf8_unicode_ci NOT NULL DEFAULT '',
  `password` varchar(32) CHARACTER SET utf8 COLLATE utf8_unicode_ci NOT NULL DEFAULT '',
  `name` varchar(128) CHARACTER SET utf8 COLLATE utf8_unicode_ci NOT NULL,
  `admin_group_id` int(64) NOT NULL
) ENGINE=MyISAM DEFAULT CHARSET=utf8 COLLATE=utf8_bin;

--
-- Đang đổ dữ liệu cho bảng `admin`
--

INSERT INTO `admin` (`id`, `username`, `password`, `name`, `admin_group_id`) VALUES
(1, 'admin', '96e79218965eb72c92a549dd5a330112', 'Hoàng văn Tuyền', 1),
(7, 'admincp', '96e79218965eb72c92a549dd5a330112', 'Mod', 2);

-- --------------------------------------------------------

--
-- Cấu trúc bảng cho bảng `admin_group`
--

CREATE TABLE `admin_group` (
  `id` int(11) NOT NULL,
  `name` varchar(128) COLLATE utf8_bin NOT NULL,
  `sort_order` tinyint(4) NOT NULL DEFAULT '0',
  `permissions` text COLLATE utf8_bin NOT NULL
) ENGINE=MyISAM DEFAULT CHARSET=utf8 COLLATE=utf8_bin;

--
-- Đang đổ dữ liệu cho bảng `admin_group`
--

INSERT INTO `admin_group` (`id`, `name`, `sort_order`, `permissions`) VALUES
(1, 'Admin', 1, 'a:14:{s:4:\"tran\";a:2:{i:0;s:4:\"list\";i:1;s:6:\"change\";}s:13:\"product_order\";a:2:{i:0;s:4:\"list\";i:1;s:6:\"change\";}s:3:\"cat\";a:2:{i:0;s:4:\"list\";i:1;s:6:\"change\";}s:7:\"product\";a:2:{i:0;s:4:\"list\";i:1;s:6:\"change\";}s:11:\"admin_group\";a:2:{i:0;s:4:\"list\";i:1;s:6:\"change\";}s:5:\"admin\";a:2:{i:0;s:4:\"list\";i:1;s:6:\"change\";}s:4:\"user\";a:2:{i:0;s:4:\"list\";i:1;s:6:\"change\";}s:4:\"news\";a:2:{i:0;s:4:\"list\";i:1;s:6:\"change\";}s:4:\"info\";a:2:{i:0;s:4:\"list\";i:1;s:6:\"change\";}s:7:\"support\";a:2:{i:0;s:4:\"list\";i:1;s:6:\"change\";}s:7:\"contact\";a:2:{i:0;s:4:\"list\";i:1;s:6:\"change\";}s:7:\"comment\";a:2:{i:0;s:4:\"list\";i:1;s:6:\"change\";}s:5:\"slide\";a:2:{i:0;s:4:\"list\";i:1;s:6:\"change\";}s:5:\"video\";a:2:{i:0;s:4:\"list\";i:1;s:6:\"change\";}}'),
(2, 'Mod', 2, 'a:9:{s:3:\"cat\";a:2:{i:0;s:4:\"list\";i:1;s:6:\"change\";}s:7:\"product\";a:2:{i:0;s:4:\"list\";i:1;s:6:\"change\";}s:4:\"news\";a:2:{i:0;s:4:\"list\";i:1;s:6:\"change\";}s:4:\"info\";a:2:{i:0;s:4:\"list\";i:1;s:6:\"change\";}s:7:\"support\";a:2:{i:0;s:4:\"list\";i:1;s:6:\"change\";}s:7:\"contact\";a:2:{i:0;s:4:\"list\";i:1;s:6:\"change\";}s:7:\"comment\";a:2:{i:0;s:4:\"list\";i:1;s:6:\"change\";}s:5:\"slide\";a:2:{i:0;s:4:\"list\";i:1;s:6:\"change\";}s:5:\"video\";a:2:{i:0;s:4:\"list\";i:1;s:6:\"change\";}}');

-- --------------------------------------------------------

--
-- Cấu trúc bảng cho bảng `ages`
--

CREATE TABLE `ages` (
  `id` int(255) NOT NULL,
  `age` int(255) NOT NULL
) ENGINE=InnoDB DEFAULT CHARSET=utf8mb4 COLLATE=utf8mb4_unicode_ci;

--
-- Đang đổ dữ liệu cho bảng `ages`
--

INSERT INTO `ages` (`id`, `age`) VALUES
(1, 10),
(2, 15),
(3, 18),
(4, 20),
(5, 25),
(6, 45),
(7, 60),
(8, 70);

-- --------------------------------------------------------

--
-- Cấu trúc bảng cho bảng `category`
--

CREATE TABLE `category` (
  `id` int(255) NOT NULL,
  `catname` varchar(255) COLLATE utf8mb4_unicode_ci NOT NULL,
  `parent_id` int(255) NOT NULL
) ENGINE=InnoDB DEFAULT CHARSET=utf8mb4 COLLATE=utf8mb4_unicode_ci;

--
-- Đang đổ dữ liệu cho bảng `category`
--

INSERT INTO `category` (`id`, `catname`, `parent_id`) VALUES
(1, 'Luân văn & Báo cáo', 0),
(2, 'Sách & Truyện', 0),
(3, 'Tiểu thuyết & Văn học', 0),
(4, 'Kĩ thuật & Công nghệ', 0),
(5, 'Giáo dục & Đào tạo', 0),
(6, 'Biểu mẫu & Văn bản', 0),
(7, 'Luận văn', 1),
(8, 'Báo cáo', 1),
(9, 'Sách', 2),
(10, 'Truyện', 2),
(11, 'Tiểu thuyết', 3),
(12, 'Văn học', 3),
(13, 'Kĩ thuật', 4),
(14, 'Công nghệ', 4),
(15, 'Giáo dục', 5),
(16, 'Đào tạo', 5),
(17, 'Biểu mẫu', 6),
(18, 'Văn bản', 6);

-- --------------------------------------------------------

--
-- Cấu trúc bảng cho bảng `files`
--

CREATE TABLE `files` (
  `id` int(255) NOT NULL,
  `filename` varchar(255) COLLATE utf8mb4_unicode_ci NOT NULL,
  `url` varchar(255) COLLATE utf8mb4_unicode_ci NOT NULL,
  `image` varchar(255) COLLATE utf8mb4_unicode_ci NOT NULL,
  `luotxem` int(255) NOT NULL,
  `catid` int(255) NOT NULL,
  `userid` int(255) NOT NULL,
  `modeid` int(255) NOT NULL,
  `create` timestamp NULL DEFAULT '0000-00-00 00:00:00' ON UPDATE CURRENT_TIMESTAMP
) ENGINE=InnoDB DEFAULT CHARSET=utf8mb4 COLLATE=utf8mb4_unicode_ci;

--
-- Đang đổ dữ liệu cho bảng `files`
--

INSERT INTO `files` (`id`, `filename`, `url`, `image`, `luotxem`, `catid`, `userid`, `modeid`, `create`) VALUES
(1, 'Phòng chống tấn công APT', 'file1.pdf', 'file1.png', 12, 7, 1, 1, '2017-11-12 09:15:43'),
(2, 'Tấn công SQL, XSS', 'file2.pdf', 'file2.png', 13, 8, 1, 2, '2017-11-12 09:18:17'),
(3, 'An toàn phần mềm', 'file1.pdf', 'file1.png', 1, 8, 1, 3, '2017-11-12 09:19:03'),
(4, 'Kiến trúc máy tính', 'file2.pdf', 'file2.png', 34, 7, 1, 4, '2017-11-12 09:19:47'),
(5, 'Kiến trúc máy tính', 'file2.pdf', 'file2.png', 34, 7, 2, 3, '2017-11-12 09:22:42'),
(6, 'Kiến trúc máy tính', 'file2.pdf', 'file2.png', 34, 7, 2, 2, '2017-11-12 09:22:44'),
(7, 'Kiến trúc máy tính Kiến trúc máy tính Kiến trúc máy tính Kiến trúc máy tính', 'file2.pdf', 'file2.png', 34, 7, 2, 4, '2017-11-12 16:50:32'),
(8, 'Kiến trúc máy tính Kiến trúc máy tính Kiến trúc máy tính Kiến trúc máy tính', 'file2.pdf', 'file2.png', 34, 7, 3, 3, '2017-11-12 16:50:43'),
(9, 'Kiến trúc máy tính Kiến trúc máy tính Kiến trúc máy tính Kiến trúc máy tính', 'file2.pdf', 'file2.png', 34, 7, 3, 2, '2017-11-12 16:50:57'),
(10, 'Kiến trúc máy tính Kiến trúc máy tính Kiến trúc máy tính Kiến trúc máy tính', 'file2.pdf', 'file2.png', 34, 7, 3, 1, '2017-11-12 16:50:59'),
(11, 'Kiến trúc máy tính Kiến trúc máy tính Kiến trúc máy tính Kiến trúc máy tính', 'file2.pdf', 'file2.png', 34, 7, 4, 4, '2017-11-12 16:51:01'),
(12, 'Kiến trúc máy tính Kiến trúc máy tính Kiến trúc máy tính Kiến trúc máy tính', 'file2.pdf', 'file2.png', 34, 7, 4, 2, '2017-11-12 16:51:01'),
(13, 'Kiến trúc máy tính Kiến trúc máy tính Kiến trúc máy tính Kiến trúc máy tính', 'file2.pdf', 'file2.png', 34, 7, 4, 1, '2017-11-12 16:51:02'),
(14, 'Kiến trúc máy tính Kiến trúc máy tính Kiến trúc máy tính Kiến trúc máy tính', 'file2.pdf', 'file2.png', 34, 7, 5, 1, '2017-11-12 16:51:03'),
(15, 'Kiến trúc máy tính Kiến trúc máy tính Kiến trúc máy tính Kiến trúc máy tính', 'file2.pdf', 'file2.png', 34, 7, 5, 1, '2017-11-12 16:51:04'),
(16, 'Kiến trúc máy tính Kiến trúc máy tính Kiến trúc máy tính Kiến trúc máy tính', 'file2.pdf', 'file2.png', 34, 7, 5, 2, '2017-11-12 16:51:04'),
(17, 'Kiến trúc máy tính Kiến trúc máy tính Kiến trúc máy tính Kiến trúc máy tính', 'file2.pdf', 'file2.png', 34, 7, 6, 2, '2017-11-12 16:51:05'),
(18, 'Kiến trúc máy tính Kiến trúc máy tính Kiến trúc máy tính Kiến trúc máy tính', 'file2.pdf', 'file2.png', 34, 7, 6, 2, '2017-11-12 16:51:06'),
(19, 'Kiến trúc máy tính Kiến trúc máy tính Kiến trúc máy tính Kiến trúc máy tính', 'file2.pdf', 'file2.png', 34, 7, 6, 2, '2017-11-12 16:51:06'),
(20, 'Kiến trúc máy tính Kiến trúc máy tính Kiến trúc máy tính Kiến trúc máy tính', 'file2.pdf', 'file2.png', 41, 7, 7, 4, '2017-11-13 17:58:29');

-- --------------------------------------------------------

--
-- Cấu trúc bảng cho bảng `maker`
--

CREATE TABLE `maker` (
  `id` int(11) NOT NULL,
  `name` varchar(255) CHARACTER SET utf8 COLLATE utf8_unicode_ci NOT NULL,
  `info` text CHARACTER SET utf8 COLLATE utf8_unicode_ci NOT NULL,
  `meta_desc` varchar(255) CHARACTER SET utf8 COLLATE utf8_unicode_ci NOT NULL,
  `meta_key` varchar(255) CHARACTER SET utf8 COLLATE utf8_unicode_ci NOT NULL,
  `site_title` varchar(255) CHARACTER SET utf8 COLLATE utf8_unicode_ci NOT NULL,
  `sort_order` tinyint(4) NOT NULL DEFAULT '0'
) ENGINE=MyISAM DEFAULT CHARSET=utf8 COLLATE=utf8_bin;

-- --------------------------------------------------------

--
-- Cấu trúc bảng cho bảng `menu`
--

CREATE TABLE `menu` (
  `id` int(11) NOT NULL,
  `parent_id` int(255) NOT NULL,
  `title` varchar(128) CHARACTER SET utf8 COLLATE utf8_unicode_ci NOT NULL,
  `url` varchar(255) COLLATE utf8_bin NOT NULL,
  `sort_order` int(11) NOT NULL DEFAULT '0'
) ENGINE=MyISAM DEFAULT CHARSET=utf8 COLLATE=utf8_bin;

-- --------------------------------------------------------

--
-- Cấu trúc bảng cho bảng `modes`
--

CREATE TABLE `modes` (
  `id` int(255) NOT NULL,
  `mode` varchar(255) COLLATE utf8mb4_unicode_ci NOT NULL
) ENGINE=InnoDB DEFAULT CHARSET=utf8mb4 COLLATE=utf8mb4_unicode_ci;

--
-- Đang đổ dữ liệu cho bảng `modes`
--

INSERT INTO `modes` (`id`, `mode`) VALUES
(1, 'Public'),
(2, 'Share user'),
(3, 'Share group'),
(4, 'Share Age');

-- --------------------------------------------------------

--
-- Cấu trúc bảng cho bảng `news`
--

CREATE TABLE `news` (
  `id` int(11) NOT NULL,
  `title` varchar(255) CHARACTER SET utf8 COLLATE utf8_unicode_ci NOT NULL,
  `intro` varchar(255) CHARACTER SET utf8 COLLATE utf8_unicode_ci NOT NULL,
  `content` text CHARACTER SET utf8 COLLATE utf8_unicode_ci NOT NULL,
  `meta_desc` varchar(255) CHARACTER SET utf8 COLLATE utf8_unicode_ci NOT NULL,
  `meta_key` varchar(255) CHARACTER SET utf8 COLLATE utf8_unicode_ci NOT NULL,
  `image_link` varchar(50) COLLATE utf8_bin NOT NULL,
  `created` int(11) NOT NULL DEFAULT '0',
  `feature` enum('0','1') COLLATE utf8_bin NOT NULL,
  `count_view` int(11) NOT NULL DEFAULT '0'
) ENGINE=MyISAM DEFAULT CHARSET=utf8 COLLATE=utf8_bin;

--
-- Đang đổ dữ liệu cho bảng `news`
--

INSERT INTO `news` (`id`, `title`, `intro`, `content`, `meta_desc`, `meta_key`, `image_link`, `created`, `feature`, `count_view`) VALUES
(1, 'Nhà lầu siêu xe hàng mã ế sưng, đồ chơi biển đảo hút khách', '(Dân trí) - Loạt đồ chơi trung thu biển đảo hướng về quê hương mới xuất hiện nhưng đã hút khách, các mặt hàng vàng mã “xa xỉ” không còn được nhiều người mua sắm.', '<p style=\"TEXT-ALIGN: left\">\r\n	Theo b&aacute;c Lan, một chủ cửa h&agrave;ng ở phố H&agrave;ng M&atilde; chia sẻ: &ldquo;Kinh tế kh&oacute; khăn n&ecirc;n người bỏ tiền triệu ra mua đồ c&uacute;ng đắt tiền như nh&agrave; lầu, xe hơi, điện thoại, ti vi c&ograve;n rất &iacute;t. Mọi người chỉ lựa chọn những loại đồ c&oacute; gi&aacute; b&igrave;nh d&acirc;n như quần &aacute;o, gi&agrave;y d&eacute;p v&agrave; mũ để c&uacute;ng. Những mặt h&agrave;ng b&aacute;n chạy nhất l&agrave; tiền &acirc;m phủ, v&agrave;ng, quần &aacute;o hay gi&agrave;y d&eacute;p v&igrave; c&oacute; gi&aacute; kh&aacute; b&igrave;nh d&acirc;n&rdquo;.</p>\r\n<p style=\"TEXT-ALIGN: center\">\r\n	<img alt=\"Mặt hàng đèn lồng biển đảo mới xuất hiện trong dịp Tết Trung Thu năm nay\" src=\"http://dantri4.vcmedia.vn/Urgz3f5tKFdDA0VUUO/Image/2014/08/n1-242e1.jpg\" /><br />\r\n	<span style=\"FONT-FAMILY: Tahoma; FONT-SIZE: 10pt\">Mặt h&agrave;ng đ&egrave;n lồng biển đảo mới xuất hiện trong dịp Tết Trung Thu năm nay</span></p>\r\n<p style=\"TEXT-ALIGN: center\">\r\n	<span style=\"FONT-FAMILY: Tahoma\"><img alt=\"Các thông điệp ý nghĩa yêu quê hương, biển đảo được in lên đèn lồng\" src=\"http://dantri4.vcmedia.vn/Urgz3f5tKFdDA0VUUO/Image/2014/08/n2-242e1.jpg\" /></span><br />\r\n	<span style=\"FONT-FAMILY: Tahoma; FONT-SIZE: 10pt\">C&aacute;c th&ocirc;ng điệp &yacute; nghĩa y&ecirc;u qu&ecirc; hương, biển đảo được in l&ecirc;n đ&egrave;n lồng</span></p>\r\n<p>\r\n	Một mặt h&agrave;ng đặc biệt của m&ugrave;a Vu Lan năm nay đ&oacute; l&agrave; loại đồ chơi &ldquo;biển đảo&rdquo;. Đ&oacute; l&agrave; những chiếc đ&egrave;n lồng được in những th&ocirc;ng điệp hướng về qu&ecirc; hương, biển đảo hết sức &yacute; nghĩa.</p>\r\n<div class=\"article-side-rail\" id=\"article-side-rail\">\r\n	<div class=\"article-video-relation\">\r\n		<div class=\"relative\">\r\n			<img alt=\"Mùa Vu Lan: \" class=\"thumb\" src=\"http://video-thumbs.vcmedia.vn///dantri/7iS0Ym1SbbOoTsWhJi6Q/2014/08/08/vangma-15e63.jpg\" /><img class=\"ico\" src=\"http://dantri3.vcmedia.vn/App_Themes/Default/Images/ico_video_play.png\" /></div>\r\n		<p class=\"caption\">\r\n			M&ugrave;a Vu Lan: &quot;Xe si&ecirc;u sang&quot; đỗ chật phố H&agrave;ng M&atilde;</p>\r\n	</div>\r\n</div>\r\n<p>\r\n	C&aacute;c chủ cửa h&agrave;ng tại đ&acirc;y cho biết, c&aacute;c loại mặt h&agrave;ng l&agrave;m thủ c&ocirc;ng truyền thống đ&egrave;n lồng, đầu l&acirc;n, đ&egrave;n &ocirc;ng sao vẫn được kh&aacute;ch h&agrave;ng ưa chuộng nhất. Ngo&agrave;i ra, mẫu đ&egrave;n lồng in sẵn mang th&ocirc;ng điệp hướng về biển đảo qu&ecirc; hương được nhiều bậc phụ huynh v&agrave; c&aacute;c em học sinh đặc biệt y&ecirc;u th&iacute;ch.</p>\r\n<p style=\"TEXT-ALIGN: center\">\r\n	<img alt=\"Mới xuất hiện nhưng những chiếc đèn lồng này được nhiều phụ huynh và các em nhỏ lựa chọn\" src=\"http://dantri4.vcmedia.vn/Urgz3f5tKFdDA0VUUO/Image/2014/08/n4-242e1.jpg\" /><br />\r\n	<span style=\"FONT-FAMILY: Tahoma; FONT-SIZE: 10pt\">Mới xuất hiện nhưng những chiếc đ&egrave;n lồng n&agrave;y được nhiều phụ huynh v&agrave; c&aacute;c em nhỏ lựa chọn</span><br />\r\n	&nbsp;</p>\r\n<p>\r\n	Chiếc đ&egrave;n lồng mang th&ocirc;ng điệp biển đảo được gh&eacute;p lại bằng 3 mảnh b&igrave;a kh&aacute;c nhau. Chiếc đ&egrave;n c&oacute; thể thắp s&aacute;ng v&agrave; ph&aacute;t nhạc khi được lắp pin ở tay cầm.Tuy nhi&ecirc;n, chi tiết đ&aacute;ng ch&uacute; &yacute; nhất đ&oacute; l&agrave; những th&ocirc;ng điệp hướng về biển đảo in tr&ecirc;n th&acirc;n của chiếc đ&egrave;n lồng như &ldquo;Em y&ecirc;u biển đảo qu&ecirc; hương&rdquo;, &ldquo;B&eacute; hướng về biển đảo&rdquo;, &ldquo;Em y&ecirc;u biển đảo Việt Nam&rdquo;, &ldquo;Em y&ecirc;u ch&uacute; bộ đội hải qu&acirc;n Việt Nam&rdquo;, với những h&igrave;nh ảnh chiến sĩ Hải qu&acirc;n Việt Nam s&uacute;ng kho&aacute;c tr&ecirc;n vai bảo vệ chủ quyền biển đảo Tổ quốc hay những chiếc t&agrave;u mang d&ograve;ng chữ Cảnh s&aacute;t biển Việt Nam&hellip;</p>\r\n', '', '', 'n1-242e1.jpg', 1407553602, '0', 1),
(2, 'Arsenal đồng ý bán Vermaelen cho Barcelona', '(Dân trí) - Theo những thông tin từ báo giới Anh, Arsenal đã quyết định từ chối MU, để bán trung vệ Vermarlen cho Barcelona. Mức giá của trung vệ này vào khoảng 15 triệu bảng.', '<p>\r\n	Như đ&atilde; biết, c&aacute;ch đ&acirc;y v&agrave;i ng&agrave;y, trung vệ Vermaelen đ&atilde; từ chối gia hạn hợp đồng với Arsenal. Điều đ&oacute; khiến cho CLB th&agrave;nh London t&igrave;m c&aacute;ch b&aacute;n cầu thủ n&agrave;y bằng mọi gi&aacute; để &ldquo;gỡ gạc&rdquo; ch&uacute;t &iacute;t ph&iacute; chuyển nhượng thay v&igrave; mất trắng cầu thủ n&agrave;y&nbsp;ở m&ugrave;a H&egrave; sang năm.</p>\r\n<p>\r\n	&nbsp;</p>\r\n<div align=\"center\">\r\n	<span style=\"FONT-FAMILY: Tahoma; FONT-SIZE: 10pt\"><img _fl=\"\" align=\"middle\" alt=\"Vermaelen ở rất gần Barcelona\" src=\"http://dantri4.vcmedia.vn/uajiKupQ6reCuKKDlVlG/Image/2014/08/Vermaelen-d4361.jpg\" style=\"MARGIN: 5px\" width=\"450\" /><br />\r\n	Vermaelen ở rất gần Barcelona</span><br />\r\n	&nbsp;</div>\r\n<p>\r\n	Trong thời gian gần đ&acirc;y, MU v&agrave; Barcelona l&agrave; hai ứng cử vi&ecirc;n s&aacute;ng gi&aacute; trong cuộc đua gi&agrave;nh chữ k&yacute; của hậu vệ người Bỉ. Cuối c&ugrave;ng, HLV Wenger đ&atilde; quyết định từ chối MU để b&aacute;n Vermarlen cho Barcelona. Trước đ&oacute; c&oacute; th&ocirc;ng tin cho rằng Wenger muốn đổi Vermaelen lấy Smalling, tuy nhi&ecirc;n Van Gaal lại từ chối phương &aacute;n n&agrave;y.</p>\r\n<p>\r\n	Trước b&aacute;o giới, HLV Wenger cho biết: &ldquo;Ch&uacute;ng t&ocirc;i đ&atilde; nhận được những lời đề nghị từ nước ngo&agrave;i v&agrave; quyết định để Vermaelen rời khỏi Premier League. Bản th&acirc;n Arsenal cũng đang ở trong thế kh&oacute; trong vụ n&agrave;y&rdquo;.</p>\r\n<p>\r\n	Theo tờ BBC, Arsenal đ&atilde; đồng &yacute; lời đề nghị trị gi&aacute; 15 triệu bảng của Barcelona. Trong thời gian tới, trung vệ người Bỉ sẽ được quyền tự do đ&agrave;m ph&aacute;n với đội b&oacute;ng xứ Catalan.</p>\r\n<p>\r\n	Nhiều khả năng thương vụ n&agrave;y sẽ ho&agrave;n tất trong thời gian tới. Arsenal cũng bắt đầu t&igrave;m người thay thế Vermaelen. L&uacute;c n&agrave;y, ưu ti&ecirc;n số 1 của HLV Wenger l&agrave; trung vệ Nastasic của Man City, người nhiều khả năng sẽ mất vị tr&iacute; nếu như Mangala gia nhập Etihad.</p>\r\n<p align=\"right\">\r\n	<b>H.Long</b></p>\r\n', '', '', 'Vermaelen-d4361.jpg', 1407553674, '0', 2),
(3, 'Hà Nội: CSGT tìm người thân giúp cháu bé 8 tuổi đi lạc', '(Dân trí) - Theo người thân cháu Chi, trong lúc gia đình nghỉ trưa, cháu Chi mải chơi đã đi lạc từ phía phường Ngọc Lâm (quận Long Biên) sang nội thành. Trong lúc đang hoang mang tìm cháu, gia đình nhận được tin báo của lực lượng cảnh sát giao thông.', '<p>\r\n	Khoảng 15h30 ng&agrave;y 8/8, khi đang l&agrave;m nhiệm vụ tại chốt ph&iacute;a nam cầu Chương Dương (địa b&agrave;n quận Ho&agrave;n Kiếm, H&agrave; Nội), Thượng sĩ Phạm Gia Hợp v&agrave; Thượng t&aacute; L&ecirc; Đức Đo&agrave;n(Đội CSGT số 1) ph&aacute;t hiện một ch&aacute;u b&eacute; khoảng 7-8 tuổi đi bộ tr&ecirc;n khu vực cầu Chương Dương với vẻ mặt sợ sệt. Khi Thượng sĩ Hợp v&agrave; Thượng t&aacute; Đ&ograve;an tiến lại hỏi han, ch&aacute;u b&eacute; c&oacute; biểu hiện sợ sệt v&agrave; bật kh&oacute;c n&oacute;i rằng đi lạc đường.</p>\r\n<p>\r\n	Thấy ch&aacute;u b&eacute; lả đi v&igrave; mệt, Thượng sĩ Hợp đ&atilde; đưa ch&aacute;u về chốt trực, mua b&aacute;nh v&agrave; sữa để ch&aacute;u ăn đỡ đ&oacute;i v&agrave; trấn tĩnh lại. Đồng thời, Thượng sĩ Hợp th&ocirc;ng b&aacute;o tr&ecirc;n c&aacute;c phương tiện th&ocirc;ng tin đại ch&uacute;ng về đặc điểm nhận dạng của ch&aacute;u b&eacute;.</p>\r\n<p>\r\n	<img alt=\"Cháu Chi đoàn tụ với gia đình.\" src=\"http://dantri4.vcmedia.vn/xFKfMbJ7RTXgah5W1cc/Image/2014/08/455-549e4.jpg\" /><br />\r\n	Ch&aacute;u Chi đo&agrave;n tụ với gia đ&igrave;nh.</p>\r\n<p>\r\n	Sau khi trấn tĩnh lại, ch&aacute;u b&eacute; cho biết t&ecirc;n l&agrave; Vương Kim Chi (SN 2007), năm nay l&ecirc;n lớp 2 trường tiểu học &Aacute;i Mộ, quận Long Bi&ecirc;n, H&agrave; Nội. Bằng c&aacute;c biện ph&aacute;p nghiệp vụ, Thượng sĩ Hợp v&agrave; Thượng t&aacute; Đo&agrave;n đ&atilde; li&ecirc;n hệ được với c&ocirc; gi&aacute;o chủ nhiệm ch&aacute;u Chi để th&ocirc;ng b&aacute;o với gia đ&igrave;nh ch&aacute;u b&eacute; biết.</p>\r\n<p>\r\n	Gần 2 tiếng đồng hồ sau, mẹ ch&aacute;u Chi l&agrave; chị Đo&agrave;n Thị Khuyến (SN 1983, ở Ngọc L&acirc;m, Long Bi&ecirc;n, H&agrave; Nội) đ&atilde; t&igrave;m đến trụ sở Đội CSGT số 1 nhận lại con. Chị Khuyến cho cho biết, khoảng 14h c&ugrave;ng ng&agrave;y, trong l&uacute;c gia đ&igrave;nh nghỉ trưa, ch&aacute;u Chi mải chơi đ&atilde; đi lạc từ b&ecirc;n n&agrave;y cầu sang b&ecirc;n kia nội th&agrave;nh.</p>\r\n<p>\r\n	Trong l&uacute;c hoang mang kh&ocirc;ng biết t&igrave;m ch&aacute;u ở đ&acirc;u, gia đ&igrave;nh được th&ocirc;ng b&aacute;o ch&aacute;u Chi đ&atilde; được c&aacute;c chiến sĩ CSGT tận t&igrave;nh gi&uacute;p đỡ. Thay mặt gia đ&igrave;nh, chị Khuyến đ&atilde; viết thư cảm ơn c&aacute;c chiến sĩ cảnh s&aacute;t giao th&ocirc;ng.</p>\r\n<p>\r\n	<strong>Tiến Nguy&ecirc;n</strong></p>\r\n', '', '', '455-549e4.jpg', 1407553969, '0', 9),
(4, 'Mỹ tăng cường không kích Iraq', '(Dân trí) - Sau khi Tổng thống Obama phê chuẩn cho không kích các mục tiêu của nhóm phiến quân Hồi giáo IS ở miền bắc Iraq, Lầu Năm Góc đã tiến hành 3 đợt không kích.', '<p>\r\n	C&aacute;c vụ kh&ocirc;ng k&iacute;ch nhằm v&agrave;o nh&oacute;m Nh&agrave; nước Hồi gi&aacute;o (IS) ở miền bắc Iraq l&agrave; những cuộc tấn c&ocirc;ng đầu ti&ecirc;n kể từ khi Mỹ trực tiếp tham gia v&agrave;o hoạt động qu&acirc;n sự ở Iraq v&agrave; sau đ&oacute; r&uacute;t qu&acirc;n v&agrave;o cuối năm 2011.</p>\r\n<p>\r\n	Trong cuộc kh&ocirc;ng k&iacute;ch đầu ti&ecirc;n v&agrave;o ng&agrave;y thứ s&aacute;u, m&aacute;y bay kh&ocirc;ng người l&aacute;i c&ugrave;ng chiến đấu cơ hải qu&acirc;n Mỹ đ&atilde; nhắm v&agrave;o c&aacute;c mục ti&ecirc;u gần th&agrave;nh phố Irbil của người Kurd. Sau đ&oacute; họ tiến h&agrave;nh th&ecirc;m 2 đợt tấn c&ocirc;ng nữa.</p>\r\n<p>\r\n	Nh&oacute;m Hồi gi&aacute;o người Sunni IS đ&atilde; chiếm quyền kiểm so&aacute;t nhiều khu vực của Iraq v&agrave; cả Syria.</p>\r\n<p>\r\n	H&agrave;ng chục ng&agrave;n người thuộc c&aacute;c nh&oacute;m d&acirc;n tộc thiểu số đ&atilde; phải rời bỏ nh&agrave; cửa khi phiến qu&acirc;n tiến v&agrave;o.</p>\r\n<p>\r\n	Nh&oacute;m IS hay c&ograve;n được gọi l&agrave; ISIS cũng đ&atilde; chiếm đập lớn nhất Iraq.</p>\r\n<p>\r\n	Lầu Năm G&oacute;c cho biết trong đợt kh&ocirc;ng k&iacute;ch thứ hai, m&aacute;y bay kh&ocirc;ng người l&aacute;i của Mỹ đ&atilde; ph&aacute; hủy một vị tr&iacute; đặt ph&aacute;o của phiến qu&acirc;n v&agrave; ti&ecirc;u diệt một nh&oacute;m phiến qu&acirc;n.</p>\r\n<p>\r\n	Chỉ hơn một tiếng sau, chiến đấu cơ F/A-18 đ&atilde; d&ugrave;ng bom c&oacute; laser dẫn đường bắn tr&uacute;ng một đo&agrave;n 7 xe của IS.</p>\r\n<p>\r\n	Trước đ&oacute;, v&agrave;o ng&agrave;y thứ s&aacute;u, 2 quả bom đ&atilde; được thả xuống một khẩu ph&aacute;o của IS d&ugrave;ng để chống lại lực lượng đang bảo vệ Irbil, thủ phủ của v&ugrave;ng tự trị của người Kurd.</p>\r\n<p>\r\n	Ph&aacute;t ng&ocirc;n vi&ecirc;n Bộ Ngoại giao Mỹ Marie Harf cho biết mục ti&ecirc;u trước mắt của c&aacute;c cuộc kh&ocirc;ng k&iacute;ch l&agrave; &ldquo;ngăn chặn bước tiến&rdquo; của IS về Irbil.</p>\r\n<p>\r\n	&ldquo;Sau đ&oacute; về l&acirc;u d&agrave;i chung t&ocirc;i muốn phối hợp hỗ trợ th&ecirc;m thời gian v&agrave; kh&ocirc;ng gian cho c&aacute;c lực lượng của người Kurd để xốc lại lực lượng, chiến đấu với đe dọa của ch&iacute;nh họ&rdquo;.</p>\r\n<p>\r\n	B&agrave; cũng khẳng định &ldquo;kh&ocirc;ng c&oacute; giải ph&aacute;p qu&acirc;n sự l&acirc;u d&agrave;i của Mỹ ở đ&oacute;&rdquo;.</p>\r\n<p>\r\n	Mặc d&ugrave; ch&iacute;nh phủ Iraq v&agrave; V&ugrave;ng người Kurd vẫn c&ograve;n đang c&oacute; bất đồng trong những th&aacute;ng qua, nhưng Thủ tướng Nouri Maliki đ&atilde; ph&aacute;i một m&aacute;y bay chở đạn tới Irbil v&agrave; thứ s&aacute;u. Trước đ&oacute; &ocirc;ng đ&atilde; lệnh cho lực lượng kh&ocirc;ng qu&acirc;n hỗ trợ cho c&aacute;c tay s&uacute;ng người Kurd để chiến đấu chống IS.</p>\r\n<p>\r\n	<b>Trung Anh</b></p>\r\n', '', '', '1-7d48c.jpg', 1407554007, '0', 0);

-- --------------------------------------------------------

--
-- Cấu trúc bảng cho bảng `parts`
--

CREATE TABLE `parts` (
  `id` int(255) NOT NULL,
  `partname` varchar(255) COLLATE utf8mb4_unicode_ci NOT NULL
) ENGINE=InnoDB DEFAULT CHARSET=utf8mb4 COLLATE=utf8mb4_unicode_ci;

--
-- Đang đổ dữ liệu cho bảng `parts`
--

INSERT INTO `parts` (`id`, `partname`) VALUES
(1, 'Admin'),
(2, 'Giám đốc'),
(3, 'Quản lý'),
(4, 'Nhân viên'),
(5, 'HR');

-- --------------------------------------------------------

--
-- Cấu trúc bảng cho bảng `permissions`
--

CREATE TABLE `permissions` (
  `id` int(255) NOT NULL,
  `roleid` int(255) NOT NULL,
  `controller` varchar(255) COLLATE utf8mb4_unicode_ci NOT NULL,
  `action` varchar(255) COLLATE utf8mb4_unicode_ci NOT NULL
) ENGINE=InnoDB DEFAULT CHARSET=utf8mb4 COLLATE=utf8mb4_unicode_ci;

--
-- Đang đổ dữ liệu cho bảng `permissions`
--

INSERT INTO `permissions` (`id`, `roleid`, `controller`, `action`) VALUES
(1, 2, 'home', ''),
(2, 2, 'file', ''),
(3, 2, 'upload', ''),
(4, 2, 'share', ''),
(5, 2, 'users', ''),
(6, 3, 'home', ''),
(7, 2, 'file', ''),
(8, 2, 'upload', ''),
(9, 2, 'share', ''),
(10, 2, 'users', ''),
(11, 2, 'admin', 'file'),
(12, 2, 'admin', 'users');

-- --------------------------------------------------------

--
-- Cấu trúc bảng cho bảng `product`
--

CREATE TABLE `product` (
  `id` int(255) NOT NULL,
  `catalog_id` int(11) NOT NULL,
  `name` varchar(100) COLLATE utf8_unicode_ci NOT NULL,
  `maker_id` int(255) NOT NULL,
  `price` decimal(15,4) NOT NULL DEFAULT '0.0000',
  `content` text COLLATE utf8_unicode_ci NOT NULL,
  `discount` int(11) NOT NULL,
  `image_link` varchar(50) CHARACTER SET utf8 COLLATE utf8_bin NOT NULL,
  `image_list` text COLLATE utf8_unicode_ci NOT NULL,
  `created` int(11) NOT NULL DEFAULT '0',
  `view` int(11) NOT NULL DEFAULT '0',
  `meta_key` varchar(255) CHARACTER SET utf8 COLLATE utf8_bin NOT NULL,
  `site_title` varchar(255) CHARACTER SET utf8 COLLATE utf8_bin NOT NULL,
  `warranty` varchar(50) COLLATE utf8_unicode_ci NOT NULL,
  `total` int(255) NOT NULL,
  `buyed` int(255) NOT NULL,
  `rate_total` int(255) NOT NULL,
  `rate_count` int(255) NOT NULL,
  `gifts` varchar(100) COLLATE utf8_unicode_ci NOT NULL,
  `video` varchar(255) COLLATE utf8_unicode_ci NOT NULL,
  `meta_desc` varchar(255) CHARACTER SET utf8 COLLATE utf8_bin NOT NULL,
  `feature` enum('0','1') CHARACTER SET utf8 COLLATE utf8_bin NOT NULL
) ENGINE=MyISAM DEFAULT CHARSET=utf8 COLLATE=utf8_unicode_ci;

--
-- Đang đổ dữ liệu cho bảng `product`
--

INSERT INTO `product` (`id`, `catalog_id`, `name`, `maker_id`, `price`, `content`, `discount`, `image_link`, `image_list`, `created`, `view`, `meta_key`, `site_title`, `warranty`, `total`, `buyed`, `rate_total`, `rate_count`, `gifts`, `video`, `meta_desc`, `feature`) VALUES
(2, 15, 'Tivi LG 4000', 0, '4000000.0000', 'Bài viết cho sản phẩm này đang được cập nhật ...', 200000, 'product2.jpg', '', 0, 4, '', '', '12 tháng', 0, 0, 4, 1, 'USB 4G', 'https://www.youtube.com/watch?v=zAEYQ6FDO5U', '', '0'),
(3, 13, 'Tivi Akai', 0, '5000000.0000', 'Bài viết cho sản phẩm này đang được cập nhật ...', 0, 'product1.jpg', '', 0, 8, '', '', '12 tháng', 0, 0, 4, 1, 'USB 4G', 'https://www.youtube.com/watch?v=zAEYQ6FDO5U', '', '0'),
(4, 16, 'Tivi Panasonic', 0, '6000000.0000', 'Bài viết cho sản phẩm này đang được cập nhật ...', 0, 'product3.jpg', '', 0, 4, '', '', '12 tháng', 0, 0, 12, 3, 'USB 4G', 'https://www.youtube.com/watch?v=zAEYQ6FDO5U', '', '0'),
(5, 17, 'Tivi Samsung', 0, '5500000.0000', 'Bài viết cho sản phẩm này đang được cập nhật ...', 0, 'product4.jpg', '', 0, 1, '', '', '12 tháng', 0, 0, 0, 0, 'USB 4G', 'https://www.youtube.com/watch?v=zAEYQ6FDO5U', '', '0'),
(6, 15, 'Tivi LG 5000', 0, '5000000.0000', 'Bài viết cho sản phẩm này đang được cập nhật ...', 0, 'product5.jpg', '', 0, 1, '', '', '12 tháng', 0, 0, 0, 0, 'USB 4G', 'https://www.youtube.com/watch?v=zAEYQ6FDO5U', '', '0'),
(7, 18, 'Tivi Toshiba', 0, '6200000.0000', 'Bài viết cho sản phẩm này đang được cập nhật ...', 400000, 'product6.jpg', '', 0, 74, '', '', '12 tháng', 0, 0, 7, 2, 'USB 4G', 'https://www.youtube.com/watch?v=zAEYQ6FDO5U', '', '0'),
(8, 14, 'Tivi JVC 500', 0, '10000000.0000', 'Bài viết cho sản phẩm này đang được cập nhật ...', 500000, 'product7.jpg', '', 0, 112, '', '', '12 tháng', 0, 0, 17, 5, 'USB 4G', 'https://www.youtube.com/watch?v=zAEYQ6FDO5U', '', '0'),
(9, 15, 'Tivi LG 520', 0, '5400000.0000', '<p>\r\n	B&agrave;i viết cho sản phẩm n&agrave;y đang được cập nhật ...</p>\r\n', 0, 'product13.jpg', 'a:0:{}', 0, 19, '', '', '12 tháng', 0, 0, 4, 1, '0', 'https://www.youtube.com/watch?v=zAEYQ6FDO5U', '', '0');

-- --------------------------------------------------------

--
-- Cấu trúc bảng cho bảng `roles`
--

CREATE TABLE `roles` (
  `id` int(255) NOT NULL,
  `rolename` varchar(255) COLLATE utf8mb4_unicode_ci NOT NULL
) ENGINE=InnoDB DEFAULT CHARSET=utf8mb4 COLLATE=utf8mb4_unicode_ci;

--
-- Đang đổ dữ liệu cho bảng `roles`
--

INSERT INTO `roles` (`id`, `rolename`) VALUES
(1, 'Admin'),
(2, 'Manager'),
(3, 'Member');

-- --------------------------------------------------------

--
-- Cấu trúc bảng cho bảng `shares`
--

CREATE TABLE `shares` (
  `id` int(255) NOT NULL,
  `fileid` int(255) NOT NULL,
  `userid` int(255) DEFAULT NULL,
  `partid` int(255) DEFAULT NULL,
  `ageid` int(255) DEFAULT NULL
) ENGINE=InnoDB DEFAULT CHARSET=utf8mb4 COLLATE=utf8mb4_unicode_ci;

-- --------------------------------------------------------

--
-- Cấu trúc bảng cho bảng `slide`
--

CREATE TABLE `slide` (
  `id` int(11) NOT NULL,
  `name` varchar(100) COLLATE utf8_unicode_ci DEFAULT NULL,
  `image_name` varchar(100) COLLATE utf8_unicode_ci NOT NULL,
  `image_link` varchar(50) COLLATE utf8_unicode_ci NOT NULL,
  `link` varchar(150) COLLATE utf8_unicode_ci DEFAULT NULL,
  `info` varchar(100) COLLATE utf8_unicode_ci DEFAULT NULL,
  `sort_order` int(10) NOT NULL
) ENGINE=MyISAM DEFAULT CHARSET=utf8 COLLATE=utf8_unicode_ci;

--
-- Đang đổ dữ liệu cho bảng `slide`
--

INSERT INTO `slide` (`id`, `name`, `image_name`, `image_link`, `link`, `info`, `sort_order`) VALUES
(1, 'Slide 1', '', '11.jpg', 'http://dantri.com.vn/', '0', 1),
(2, 'Slide 2', '', '21.jpg', 'http://dantri.com.vn/', '', 2),
(3, 'Slide 3', '', '31.jpg', 'http://dantri.com.vn/', '', 3);

-- --------------------------------------------------------

--
-- Cấu trúc bảng cho bảng `users`
--

CREATE TABLE `users` (
  `id` int(255) NOT NULL,
  `username` varchar(30) COLLATE utf8mb4_unicode_ci NOT NULL,
  `password` varchar(30) COLLATE utf8mb4_unicode_ci NOT NULL,
  `age` int(255) NOT NULL,
  `ageid` int(255) NOT NULL,
  `partid` int(255) NOT NULL,
  `roleid` int(255) NOT NULL
) ENGINE=InnoDB DEFAULT CHARSET=utf8mb4 COLLATE=utf8mb4_unicode_ci;

--
-- Đang đổ dữ liệu cho bảng `users`
--

INSERT INTO `users` (`id`, `username`, `password`, `age`, `ageid`, `partid`, `roleid`) VALUES
(1, 'admin', 'admin123', 30, 5, 1, 1),
(2, 'ngoc', 'ngoc123', 28, 5, 2, 2),
(3, 'cong', 'cong123', 22, 4, 2, 2),
(4, 'anh', 'anh123', 18, 3, 3, 3),
(5, 'nam', 'nam123', 23, 4, 3, 3),
(6, 'vinh', 'vinh123', 26, 5, 4, 3),
(7, 'hung', 'hung123', 22, 4, 4, 3),
(8, 'dat', 'dat123', 35, 6, 5, 3),
(9, 'xuan', 'xuan123', 40, 6, 5, 3),
(10, 'ngoccong', 'admin123', 25, 4, 4, 3),
(11, 'hoang', 'hoang123', 30, 4, 4, 3),
(12, 'minhminh', 'minh123', 33, 4, 4, 3),
(13, 'phung', 'phung123', 23, 4, 4, 3),
(14, 'buicong', 'cong123', 22, 4, 4, 3),
(15, 'maihoa', 'hoa123', 21, 4, 4, 3),
(16, 'hoaihoai', 'hoai123', 20, 4, 4, 3),
(17, 'hoahoan', 'hoan123', 23, 4, 4, 3),
(18, 'namnam', 'nam123', 25, 4, 4, 3),
(19, 'binhbinh', 'binh123', 33, 4, 4, 3),
(20, 'ngocngoc', 'NGOC123', 33, 5, 4, 3),
(21, 'thanh', 'thanh123', 22, 4, 4, 3),
(22, 'baba', 'baba123', 24, 4, 4, 3),
(23, 'banban', 'ban123', 22, 4, 4, 3),
(24, 'emem', 'emm123', 13, 1, 4, 3);

--
-- Chỉ mục cho các bảng đã đổ
--

--
-- Chỉ mục cho bảng `admin`
--
ALTER TABLE `admin`
  ADD PRIMARY KEY (`id`);

--
-- Chỉ mục cho bảng `admin_group`
--
ALTER TABLE `admin_group`
  ADD PRIMARY KEY (`id`);

--
-- Chỉ mục cho bảng `ages`
--
ALTER TABLE `ages`
  ADD PRIMARY KEY (`id`);

--
-- Chỉ mục cho bảng `category`
--
ALTER TABLE `category`
  ADD PRIMARY KEY (`id`);

--
-- Chỉ mục cho bảng `files`
--
ALTER TABLE `files`
  ADD PRIMARY KEY (`id`),
  ADD KEY `fkf_catid` (`catid`) USING BTREE,
  ADD KEY `fkf_userid` (`userid`) USING BTREE,
  ADD KEY `fkf_modeid` (`modeid`) USING BTREE;

--
-- Chỉ mục cho bảng `maker`
--
ALTER TABLE `maker`
  ADD PRIMARY KEY (`id`);

--
-- Chỉ mục cho bảng `menu`
--
ALTER TABLE `menu`
  ADD PRIMARY KEY (`id`);

--
-- Chỉ mục cho bảng `modes`
--
ALTER TABLE `modes`
  ADD PRIMARY KEY (`id`);

--
-- Chỉ mục cho bảng `news`
--
ALTER TABLE `news`
  ADD PRIMARY KEY (`id`);
ALTER TABLE `news` ADD FULLTEXT KEY `title` (`title`);

--
-- Chỉ mục cho bảng `parts`
--
ALTER TABLE `parts`
  ADD PRIMARY KEY (`id`);

--
-- Chỉ mục cho bảng `permissions`
--
ALTER TABLE `permissions`
  ADD PRIMARY KEY (`id`),
  ADD KEY `fkp_roleid` (`roleid`);

--
-- Chỉ mục cho bảng `product`
--
ALTER TABLE `product`
  ADD PRIMARY KEY (`id`);
ALTER TABLE `product` ADD FULLTEXT KEY `name` (`name`);

--
-- Chỉ mục cho bảng `roles`
--
ALTER TABLE `roles`
  ADD PRIMARY KEY (`id`);

--
-- Chỉ mục cho bảng `shares`
--
ALTER TABLE `shares`
  ADD PRIMARY KEY (`id`),
  ADD KEY `fks_ageid` (`ageid`),
  ADD KEY `fks_fileid` (`fileid`),
  ADD KEY `fks_partid` (`partid`),
  ADD KEY `fks_userid` (`userid`);

--
-- Chỉ mục cho bảng `slide`
--
ALTER TABLE `slide`
  ADD PRIMARY KEY (`id`);

--
-- Chỉ mục cho bảng `users`
--
ALTER TABLE `users`
  ADD PRIMARY KEY (`id`),
  ADD KEY `fku_ageid` (`ageid`) USING BTREE,
  ADD KEY `fku_partid` (`partid`) USING BTREE,
  ADD KEY `fku_roleid` (`roleid`) USING BTREE;

--
-- AUTO_INCREMENT cho các bảng đã đổ
--

--
-- AUTO_INCREMENT cho bảng `admin`
--
ALTER TABLE `admin`
  MODIFY `id` int(11) NOT NULL AUTO_INCREMENT, AUTO_INCREMENT=8;

--
-- AUTO_INCREMENT cho bảng `admin_group`
--
ALTER TABLE `admin_group`
  MODIFY `id` int(11) NOT NULL AUTO_INCREMENT, AUTO_INCREMENT=3;

--
-- AUTO_INCREMENT cho bảng `ages`
--
ALTER TABLE `ages`
  MODIFY `id` int(255) NOT NULL AUTO_INCREMENT, AUTO_INCREMENT=9;

--
-- AUTO_INCREMENT cho bảng `category`
--
ALTER TABLE `category`
  MODIFY `id` int(255) NOT NULL AUTO_INCREMENT, AUTO_INCREMENT=19;

--
-- AUTO_INCREMENT cho bảng `files`
--
ALTER TABLE `files`
  MODIFY `id` int(255) NOT NULL AUTO_INCREMENT, AUTO_INCREMENT=21;

--
-- AUTO_INCREMENT cho bảng `maker`
--
ALTER TABLE `maker`
  MODIFY `id` int(11) NOT NULL AUTO_INCREMENT;

--
-- AUTO_INCREMENT cho bảng `menu`
--
ALTER TABLE `menu`
  MODIFY `id` int(11) NOT NULL AUTO_INCREMENT;

--
-- AUTO_INCREMENT cho bảng `modes`
--
ALTER TABLE `modes`
  MODIFY `id` int(255) NOT NULL AUTO_INCREMENT, AUTO_INCREMENT=5;

--
-- AUTO_INCREMENT cho bảng `news`
--
ALTER TABLE `news`
  MODIFY `id` int(11) NOT NULL AUTO_INCREMENT, AUTO_INCREMENT=5;

--
-- AUTO_INCREMENT cho bảng `parts`
--
ALTER TABLE `parts`
  MODIFY `id` int(255) NOT NULL AUTO_INCREMENT, AUTO_INCREMENT=6;

--
-- AUTO_INCREMENT cho bảng `permissions`
--
ALTER TABLE `permissions`
  MODIFY `id` int(255) NOT NULL AUTO_INCREMENT, AUTO_INCREMENT=13;

--
-- AUTO_INCREMENT cho bảng `product`
--
ALTER TABLE `product`
  MODIFY `id` int(255) NOT NULL AUTO_INCREMENT, AUTO_INCREMENT=16;

--
-- AUTO_INCREMENT cho bảng `roles`
--
ALTER TABLE `roles`
  MODIFY `id` int(255) NOT NULL AUTO_INCREMENT, AUTO_INCREMENT=4;

--
-- AUTO_INCREMENT cho bảng `shares`
--
ALTER TABLE `shares`
  MODIFY `id` int(255) NOT NULL AUTO_INCREMENT;

--
-- AUTO_INCREMENT cho bảng `slide`
--
ALTER TABLE `slide`
  MODIFY `id` int(11) NOT NULL AUTO_INCREMENT, AUTO_INCREMENT=4;

--
-- AUTO_INCREMENT cho bảng `users`
--
ALTER TABLE `users`
  MODIFY `id` int(255) NOT NULL AUTO_INCREMENT, AUTO_INCREMENT=25;

--
-- Các ràng buộc cho các bảng đã đổ
--

--
-- Các ràng buộc cho bảng `files`
--
ALTER TABLE `files`
  ADD CONSTRAINT `fkf_catid` FOREIGN KEY (`catid`) REFERENCES `category` (`id`),
  ADD CONSTRAINT `fkf_modeid` FOREIGN KEY (`modeid`) REFERENCES `modes` (`id`),
  ADD CONSTRAINT `fkf_userid` FOREIGN KEY (`userid`) REFERENCES `users` (`id`);

--
-- Các ràng buộc cho bảng `permissions`
--
ALTER TABLE `permissions`
  ADD CONSTRAINT `fkp_roleid` FOREIGN KEY (`roleid`) REFERENCES `roles` (`id`);

--
-- Các ràng buộc cho bảng `shares`
--
ALTER TABLE `shares`
  ADD CONSTRAINT `fks_ageid` FOREIGN KEY (`ageid`) REFERENCES `ages` (`id`),
  ADD CONSTRAINT `fks_fileid` FOREIGN KEY (`fileid`) REFERENCES `files` (`id`),
  ADD CONSTRAINT `fks_partid` FOREIGN KEY (`partid`) REFERENCES `parts` (`id`),
  ADD CONSTRAINT `fks_userid` FOREIGN KEY (`userid`) REFERENCES `users` (`id`);

--
-- Các ràng buộc cho bảng `users`
--
ALTER TABLE `users`
  ADD CONSTRAINT `fku_ageid` FOREIGN KEY (`ageid`) REFERENCES `ages` (`id`),
  ADD CONSTRAINT `fku_partid` FOREIGN KEY (`partid`) REFERENCES `parts` (`id`),
  ADD CONSTRAINT `fku_roleid` FOREIGN KEY (`roleid`) REFERENCES `roles` (`id`);
COMMIT;

/*!40101 SET CHARACTER_SET_CLIENT=@OLD_CHARACTER_SET_CLIENT */;
/*!40101 SET CHARACTER_SET_RESULTS=@OLD_CHARACTER_SET_RESULTS */;
/*!40101 SET COLLATION_CONNECTION=@OLD_COLLATION_CONNECTION */;
